{"cameraMode":{"drawMode":0,"name":"Shaded","section":"Shading Mode"},"sceneLighting":false,"audioPlay":false,"sceneViewState":{"showFog":true,"showMaterialUpdate":false,"showSkybox":false,"showFlares":true,"showImageEffects":true,"showParticleSystems":true},"in2DMode":false,"pivot":{"x":7.807119369506836,"y":-6.476877212524414,"z":10.570534706115723},"rotation":{"x":-0.29858729243278506,"y":-0.3266892433166504,"z":0.10953813791275025,"w":-0.8900808691978455},"size":10.0635347366333,"orthographic":false}