{"cameraMode":{"drawMode":0,"name":"Shaded","section":"Shading Mode"},"sceneLighting":false,"audioPlay":false,"sceneViewState":{"showFog":true,"showMaterialUpdate":false,"showSkybox":false,"showFlares":true,"showImageEffects":true,"showParticleSystems":true},"in2DMode":false,"pivot":{"x":17.57480239868164,"y":16.464492797851564,"z":13.980741500854493},"rotation":{"x":-0.07907161861658097,"y":-0.7968093156814575,"z":0.10664761066436768,"w":-0.5895909667015076},"size":5.4772257804870609,"orthographic":false}