{"cameraMode":{"drawMode":0,"name":"Shaded","section":"Shading Mode"},"sceneLighting":false,"audioPlay":false,"sceneViewState":{"showFog":true,"showMaterialUpdate":false,"showSkybox":false,"showFlares":true,"showImageEffects":true,"showParticleSystems":true},"in2DMode":false,"pivot":{"x":8.56173324584961,"y":1.944322943687439,"z":6.772581577301025},"rotation":{"x":-0.03342018648982048,"y":-0.5977205634117127,"z":0.02483425661921501,"w":-0.8006975054740906},"size":7.076526641845703,"orthographic":false}