{"cameraMode":{"drawMode":0,"name":"Shaded","section":"Shading Mode"},"sceneLighting":true,"audioPlay":false,"sceneViewState":{"showFog":true,"showMaterialUpdate":false,"showSkybox":false,"showFlares":true,"showImageEffects":true,"showParticleSystems":true},"in2DMode":false,"pivot":{"x":-2.3200128078460695,"y":-1.4256844520568848,"z":1.3547136783599854},"rotation":{"x":-0.20157617330551148,"y":0.40236717462539675,"z":-0.09139326214790344,"w":-0.8884551525115967},"size":2.2430057525634767,"orthographic":false}