{"cameraMode":{"drawMode":0,"name":"Shaded","section":"Shading Mode"},"sceneLighting":true,"audioPlay":false,"sceneViewState":{"showFog":true,"showMaterialUpdate":false,"showSkybox":false,"showFlares":true,"showImageEffects":true,"showParticleSystems":true},"in2DMode":false,"pivot":{"x":-10.610475540161133,"y":-2.155207633972168,"z":9.83966064453125},"rotation":{"x":0.09391288459300995,"y":-0.5370699763298035,"z":0.06090923398733139,"w":0.8362988233566284},"size":3.649430751800537,"orthographic":false}