{"cameraMode":{"drawMode":0,"name":"Shaded","section":"Shading Mode"},"sceneLighting":false,"audioPlay":false,"sceneViewState":{"showFog":true,"showMaterialUpdate":false,"showSkybox":true,"showFlares":true,"showImageEffects":true,"showParticleSystems":true},"in2DMode":false,"pivot":{"x":14.846559524536133,"y":-22.338703155517579,"z":81.30182647705078},"rotation":{"x":0.10721701383590698,"y":0.06217802315950394,"z":-0.0071846358478069309,"w":0.9924601316452026},"size":71.13572692871094,"orthographic":false}