{"cameraMode":{"drawMode":0,"name":"Shaded","section":"Shading Mode"},"sceneLighting":false,"audioPlay":false,"sceneViewState":{"showFog":true,"showMaterialUpdate":false,"showSkybox":false,"showFlares":true,"showImageEffects":true,"showParticleSystems":true},"in2DMode":false,"pivot":{"x":-3.251119375228882,"y":-3.7697041034698488,"z":14.881555557250977},"rotation":{"x":-0.2935534119606018,"y":0.10052811354398728,"z":-0.031151097267866136,"w":-0.9501981735229492},"size":8.421801567077637,"orthographic":false}